<?xml version="1.0" encoding="UTF-8"?>
<project-private xmlns="http://www.netbeans.org/ns/project-private/1">
    <editor-bookmarks xmlns="http://www.netbeans.org/ns/editor-bookmarks/2" lastBookmarkId="1">
        <file>
            <url>src/Jfarme/Induk.java</url>
            <bookmark id="1">
                <name/>
                <line>4772</line>
                <key/>
            </bookmark>
        </file>
    </editor-bookmarks>
    <open-files xmlns="http://www.netbeans.org/ns/projectui-open-files/2">
        <group>
            <file>file:/D:/java/Zakat/src/Crud/Ambil_Data_Masyarakat.java</file>
            <file>file:/D:/java/Zakat/src/tiket/Emas.java</file>
            <file>file:/D:/java/Zakat/src/Crud/Ambil_Saldo_Kas.java</file>
            <file>file:/D:/java/Zakat/src/Interface/Validasi.java</file>
            <file>file:/D:/java/Zakat/src/Jfarme/Induk.java</file>
            <file>file:/D:/java/Zakat/src/tiket/Fitrah.java</file>
            <file>file:/D:/java/Zakat/src/tiket/temuan.java</file>
            <file>file:/D:/java/Zakat/src/Koneksi/Koneksi.java</file>
            <file>file:/D:/java/Zakat/src/Validasi/Cek.java</file>
            <file>file:/D:/java/Zakat/src/Crud/Data_Masyarakat.java</file>
            <file>file:/D:/java/Zakat/src/zakat/Zakat.java</file>
            <file>file:/D:/java/Zakat/src/Crud/Ambil_Saldo_Kas_Fitrah.java</file>
            <file>file:/D:/java/Zakat/src/Crud/Tampil_Kas_Fitrah.java</file>
            <file>file:/D:/java/Zakat/src/tiket/Pertanian.java</file>
            <file>file:/D:/java/Zakat/src/Crud/Tampil_Data_Masyarakat.java</file>
            <file>file:/D:/java/Zakat/src/Interface/Data_Masyarakat.java</file>
            <file>file:/D:/java/Zakat/src/tiket/Galian.java</file>
            <file>file:/D:/java/Zakat/src/Interface/Koneksi.java</file>
            <file>file:/D:/java/Zakat/src/tiket/Perdagangan.java</file>
            <file>file:/D:/java/Zakat/src/Crud/Kas_Fitrah.java</file>
            <file>file:/D:/java/Zakat/src/tiket/Zakat.java</file>
            <file>file:/D:/java/Zakat/src/Interface/Zakat.java</file>
            <file>file:/D:/java/Zakat/src/Interface/Tampil_Data_Masyarakat.java</file>
            <file>file:/D:/java/Zakat/src/Crud/Kas_Umum.java</file>
            <file>file:/D:/java/Zakat/src/Crud/Tampil_Kas_Umum.java</file>
            <file>file:/D:/java/Zakat/src/Crud/Login_admin.java</file>
            <file>file:/D:/java/Zakat/src/Interface/Tampil_Kas_Fitrah.java</file>
            <file>file:/D:/java/Zakat/src/tiket/Perak.java</file>
            <file>file:/D:/java/Zakat/src/tiket/Profesi.java</file>
        </group>
    </open-files>
</project-private>
